userId,movieId,score
1,2,3
1,5,3
1,9,3
1,15,3
1,25,3
1,35,3
1,45,3
1,54,4
1,62,4
1,72,4
1,82,4
1,92,3
1,112,4
1,130,3
1,135,3
1,139,3
1,142,3
1,152,3
1,162,3
1,180,2
1,185,2
1,189,2
1,192,2
2,4,3
2,8,3
2,14,3
2,20,3
2,24,3
2,34,3
2,44,3
2,54,3
2,77,3
2,81,4
2,88,4
2,98,4
2,108,4
2,118,4
2,128,4
2,137,2
2,141,2
2,156,2
2,176,3
2,186,3
2,196,3
2,202,3
3,5,4
3,6,4
3,10,4
3,15,2
3,25,2
3,35,2
3,45,2
3,67,3
3,87,3
3,89,3
3,93,3
3,97,3
3,107,4
3,117,4
3,141,3
3,145,3
3,149,4
3,159,4
3,169,4
3,179,4
3,199,3
4,41,3
4,42,3
4,46,3
4,51,3
4,61,3
4,71,3
4,81,3
4,122,3
4,123,2
4,126,3
4,133,2
4,142,3
4,143,3
4,153,3
4,163,3
4,181,3
4,185,4
4,189,4
4,191,3
4,201,4
5,29,3
5,40,4
5,45,4
5,49,4
5,50,4
5,60,4
5,70,4
5,74,4
5,114,3
5,116,2
5,120,2
5,124,3
5,134,3
5,144,4
5,166,3
5,168,3
5,172,3
5,196,2
5,202,2
6,12,3
6,19,4
6,22,4
6,23,4
6,32,4
6,42,4
6,102,1
6,114,3
6,118,3
6,119,4
6,129,4
6,139,4
6,149,4
6,189,3
7,55,3
7,63,3
7,65,3
7,67,3
7,75,3
7,85,3
7,95,3
7,120,4
7,136,3
7,140,2
7,140,3
7,150,2
7,160,3
7,170,3
8,13,3
8,21,4
8,23,4
8,25,4
8,33,4
8,43,4
8,53,5
8,94,2
8,99,3
8,103,3
8,104,3
8,114,4
8,124,4
8,134,4
8,143,2
8,147,3
8,177,3
8,187,3
8,197,3
9,33,4
9,41,3
9,43,3
9,45,3
9,53,3
9,63,3
9,73,3
9,129,3
9,133,3
9,150,3
9,160,3
9,170,3
9,180,4
9,190,4
10,8,2
10,13,4
10,17,4
10,18,4
10,28,4
10,38,4
10,48,4
10,61,3
10,71,3
10,81,3
10,87,3
10,91,4
10,91,3
10,101,4
10,134,3
10,154,2
10,164,2
10,174,2
10,184,2
11,44,4
11,46,4
11,50,4
11,54,3
11,64,4
11,74,4
11,84,4
11,112,3
11,115,3
11,116,3
11,135,4
11,145,4
11,155,4
11,165,4
12,22,2
12,28,3
12,32,3
12,32,3
12,42,3
12,52,3
12,62,3
12,99,3
12,105,3
12,109,3
12,109,3
12,119,3
12,129,3
12,139,4
13,71,4
13,73,4
13,77,4
13,81,4
13,91,4
13,101,4
13,111,4
13,162,3
13,165,3
13,169,4
13,172,3
13,182,4
13,192,4
13,202,4
14,50,3
14,54,3
14,58,3
14,60,2
14,70,3
14,80,3
14,90,3
14,125,2
14,136,3
14,138,3
14,140,3
14,148,3
14,158,3
14,168,3
15,81,3
15,85,3
15,89,4
15,91,3
15,101,3
15,111,4
15,121,4
15,190,4
15,191,4
15,195,4
15,200,4
15,202,4
16,19,2
16,25,2
16,29,3
16,29,3
16,39,3
16,49,3
16,59,3
16,108,3
16,115,3
16,118,2
16,119,3
16,128,2
16,138,3
16,148,3
17,66,3
17,73,4
17,76,4
17,77,4
17,86,4
17,96,4
17,106,4
17,144,3
17,152,3
17,156,3
17,157,3
17,167,3
17,177,3
17,187,4
18,3,4
18,11,4
18,13,4
18,15,4
18,23,4
18,33,4
18,43,4
18,85,3
18,91,3
18,95,3
18,95,3
18,105,4
18,115,4
18,125,4
19,57,2
19,61,3
19,65,3
19,67,2
19,77,3
19,87,3
19,97,3
19,139,3
19,141,3
19,145,3
19,152,3
19,162,3
19,172,3
19,182,3
20,91,3
20,95,3
20,99,3
20,101,3
20,111,4
20,121,4
20,131,4
20,172,4
20,175,4
20,179,4
20,182,4
20,192,4
20,202,4
21,12,3
21,16,3
21,20,3
21,22,3
21,32,3
21,42,3
21,52,3
21,105,2
21,112,2
21,115,2
21,116,2
21,125,2
21,135,3
21,145,3
22,48,4
22,54,4
22,58,4
22,58,4
22,68,4
22,78,5
22,88,5
22,159,3
22,166,3
22,170,3
22,170,3
22,180,4
22,190,4
22,200,4
23,79,3
23,83,3
23,87,3
23,89,3
23,99,3
23,109,3
23,119,3
23,182,3
23,191,3
23,195,3
23,195,3
23,202,3
24,6,3
24,12,3
24,16,4
24,16,4
24,26,4
24,36,4
24,46,4
24,93,4
24,99,4
24,103,4
24,103,4
24,113,4
24,123,4
24,133,4
25,31,3
25,35,3
25,37,2
25,47,3
25,57,3
25,67,3
25,77,3
25,121,3
25,123,3
25,127,3
25,131,3
25,141,3
25,151,4
25,161,4
26,70,3
26,73,3
26,74,3
26,83,3
26,93,3
26,103,3
26,113,4
26,161,4
26,165,4
26,165,4
26,175,4
26,185,4
26,195,4
26,201,4
27,2,3
27,8,3
27,12,3
27,12,3
27,22,3
27,32,3
27,42,3
27,87,2
27,91,3
27,95,3
27,97,2
27,107,3
27,117,3
27,127,3
28,52,4
28,58,4
28,62,4
28,62,4
28,72,4
28,82,5
28,92,5
28,149,3
28,155,3
28,159,3
28,159,3
28,169,4
28,179,4
28,189,4
29,18,2
29,24,2
29,28,2
29,28,2
29,38,2
29,48,2
29,58,3
29,111,3
29,117,3
29,121,3
29,122,3
29,132,3
29,142,4
29,152,4
30,83,3
30,89,3
30,93,4
30,93,4
30,103,4
30,113,4
30,123,4
30,195,4
30,198,3
30,202,3
30,202,3
31,25,3
31,31,3
31,35,3
31,35,3
31,45,3
31,55,4
31,65,4
31,104,3
31,111,3
31,114,3
31,115,3
31,124,3
31,134,3
31,144,3
32,69,4
32,73,4
32,77,4
32,79,4
32,89,4
32,99,4
32,109,4
32,152,3
32,159,3
32,162,3
32,163,3
32,172,3
32,182,3
32,192,4
33,9,2
33,13,2
33,17,3
33,19,3
33,29,3
33,39,3
33,49,3
33,96,3
33,101,3
33,105,3
33,106,3
33,116,4
33,126,4
33,136,4
34,60,3
34,65,3
34,69,4
34,70,3
34,80,4
34,90,4
34,100,4
34,141,4
34,148,4
34,151,4
34,152,4
34,161,4
34,171,4
34,181,5
35,47,3
35,53,3
35,57,3
35,57,3
35,67,3
35,77,3
35,87,3
35,129,3
35,135,3
35,139,3
35,139,3
35,149,3
35,159,3
35,169,3
36,15,4
36,21,4
36,25,4
36,25,4
36,35,4
36,45,4
36,55,4
36,89,2
36,99,2
36,102,2
36,103,3
36,112,3
36,122,3
36,132,3
37,77,3
37,83,3
37,87,3
37,87,3
37,97,3
37,107,4
37,117,4
37,171,3
37,174,3
37,175,3
37,184,4
37,194,4
38,31,4
38,35,4
38,39,4
38,41,4
38,51,4
38,61,4
38,71,4
38,118,3
38,124,3
38,128,3
38,128,3
38,138,3
38,148,3
38,158,3
39,63,2
39,69,3
39,73,3
39,73,3
39,83,3
39,93,3
39,103,3
39,151,3
39,155,3
39,155,3
39,165,3
39,175,4
39,185,4
39,195,4
40,4,3
40,8,3
40,12,4
40,14,3
40,24,4
40,34,4
40,44,4
40,101,4
40,107,4
40,111,4
40,111,4
40,121,4
40,131,5
40,141,5
41,86,3
41,92,3
41,96,3
41,96,3
41,106,3
41,116,3
41,126,4
41,184,2
41,191,2
41,194,2
41,195,2
41,202,2
42,21,3
42,27,3
42,31,4
42,31,4
42,41,4
42,51,4
42,61,4
42,114,3
42,121,4
42,124,4
42,125,4
42,134,4
42,144,4
42,150,4
43,72,4
43,78,4
43,82,4
43,82,4
43,92,4
43,102,4
43,115,4
43,169,3
43,175,3
43,179,3
43,179,3
43,189,3
43,199,3
43,202,3
44,54,2
44,60,3
44,64,3
44,64,3
44,74,3
44,84,3
44,94,3
44,136,3
44,141,3
44,145,3
44,146,3
44,156,4
44,166,4
44,176,4
45,11,4
45,15,4
45,19,4
45,21,4
45,31,5
45,41,5
45,51,5
45,98,3
45,104,3
45,108,3
45,108,3
45,118,3
45,128,4
45,138,4
46,65,3
46,71,3
46,75,3
46,75,3
46,85,3
46,95,3
46,105,4
46,151,4
46,157,4
46,161,4
46,161,4
46,171,4
46,181,4
46,191,4
47,27,2
47,33,2
47,37,2
47,37,2
47,47,2
47,57,3
47,67,3
47,122,3
47,128,3
47,132,3
47,132,3
47,142,4
47,152,4
47,162,4
48,78,3
48,84,4
48,88,4
48,88,4
48,98,4
48,108,4
48,118,4
48,179,3
48,185,3
48,189,3
48,189,3
48,199,3
49,39,4
49,45,4
49,49,4
49,49,4
49,59,4
49,69,4
49,79,5
49,131,3
49,138,3
49,141,3
49,142,3
49,151,3
49,161,4
49,171,4
50,90,3
50,95,3
50,99,3
50,100,3
50,110,3
50,120,3
50,130,3
50,192,2
50,198,3
50,202,3
50,202,3
51,16,4
51,22,4
51,26,4
51,26,4
51,36,4
51,46,4
51,56,4
51,109,3
51,115,3
51,119,3
51,119,3
51,129,4
51,139,4
51,149,4
52,58,3
52,64,3
52,68,3
52,68,3
52,78,3
52,88,4
52,98,4
52,147,4
52,153,4
52,157,4
52,157,4
52,167,4
52,177,5
52,187,5
53,30,2
53,35,2
53,39,3
53,40,2
53,50,3
53,60,3
53,70,3
53,124,3
53,130,3
53,134,4
53,134,4
53,144,4
53,154,4
53,164,4
54,82,3
54,88,4
54,92,4
54,92,4
54,102,4
54,112,4
54,122,4
54,188,3
54,194,3
54,198,3
54,198,3
55,24,4
55,29,4
55,33,4
55,34,4
55,44,4
55,54,4
55,64,4
55,117,2
55,123,3
55,127,3
55,127,3
55,137,3
55,147,3
55,157,3
56,70,3
56,76,3
56,80,3
56,80,3
56,90,4
56,100,4
56,110,4
56,161,3
56,167,3
56,171,3
56,171,3
56,181,3
56,191,4
56,201,4
57,43,4
57,49,4
57,53,4
57,53,4
57,63,4
57,73,4
57,83,4
57,135,4
57,141,4
57,145,4
57,145,4
57,155,5
58,1,2
58,5,2
58,9,2
58,11,2
58,21,2
58,31,3
58,41,3
58,91,3
58,95,3
58,95,3
58,105,3
58,115,3
58,125,3
58,135,4
59,58,3
59,62,3
59,62,4
59,72,4
59,82,4
59,92,4
59,102,4
59,150,3
59,154,3
59,154,3
59,164,3
59,174,3
59,184,3
59,194,3
60,35,4
60,41,4
60,45,4
60,45,4
60,55,4
60,65,4
60,75,5
60,128,3
60,134,3
60,138,3
60,138,3
60,148,4
60,158,4
60,168,4
61,84,2
61,90,3
61,94,3
61,94,3
61,104,3
61,114,3
61,124,3
61,185,3
61,191,3
61,195,3
61,195,3
61,201,3
62,20,3
62,26,3
62,30,3
62,30,3
62,40,4
62,50,4
62,60,4
62,110,4
62,116,4
62,120,4
62,120,4
62,130,4
62,140,4
62,150,4
63,71,3
63,75,3
63,75,3
63,85,3
63,95,3
63,105,3
63,115,4
63,164,2
63,168,2
63,168,2
63,178,2
63,188,3
63,198,3
63,202,3
64,49,4
64,55,4
64,59,4
64,59,4
64,69,4
64,79,5
64,89,5
64,143,3
64,149,3
64,153,4
64,153,4
64,163,4
64,173,4
64,183,4
65,17,3
65,23,3
65,27,3
65,27,3
65,37,3
65,47,3
65,57,3
65,113,3
65,119,3
65,123,3
65,123,3
65,133,3
65,143,4
65,153,4
66,76,4
66,81,4
66,85,4
66,86,4
66,96,4
66,106,4
66,116,4
66,175,4
66,181,4
66,185,4
66,185,4
66,195,4
67,34,2
67,40,2
67,44,2
67,44,3
67,54,3
67,64,3
67,74,3
67,127,3
67,133,3
67,137,3
67,137,3
67,147,4
67,157,4
67,167,4
68,80,3
68,85,4
68,89,4
68,90,4
68,100,4
68,110,4
68,120,4
68,193,3
68,199,3
69,23,4
69,29,4
69,33,4
69,33,4
69,43,4
69,53,4
69,63,5
69,116,3
69,122,3
69,126,3
69,126,3
69,136,3
69,146,4
69,156,4
70,68,2
70,74,3
70,78,3
70,78,3
70,88,3
70,98,3
70,108,3
70,158,3
70,164,3
70,168,3
70,168,3
70,178,4
70,188,4
70,198,4
71,42,3
71,48,3
71,52,3
71,52,3
71,53,3
71,63,3
71,73,4
71,137,4
71,143,4
71,147,4
71,147,4
71,157,4
71,167,4
71,177,4
72,7,4
72,13,4
72,17,4
72,17,4
72,27,5
72,37,5
72,47,5
72,106,3
72,112,3
72,116,3
72,116,3
72,126,3
72,136,3
72,146,3
73,64,3
73,70,3
73,74,3
73,74,3
73,84,3
73,94,3
73,104,4
73,160,3
73,166,3
73,170,4
73,170,4
73,180,4
73,190,4
73,200,4
74,28,2
74,34,2
74,38,2
74,38,2
74,48,2
74,58,3
74,68,3
74,126,3
74,132,3
74,136,3
74,136,3
74,146,4
74,156,4
74,166,4
75,85,4
75,91,4
75,95,4
75,95,4
75,105,4
75,115,4
75,125,4
75,187,3
75,193,3
75,197,3
75,197,3
76,38,3
76,44,3
76,48,3
76,48,3
76,48,3
76,58,3
76,68,3
76,133,4
76,139,4
76,143,4
76,143,4
76,143,4
76,153,4
76,163,4
77,93,4
77,97,3
77,97,4
77,107,4
77,117,4
77,127,4
77,137,4
77,197,2
77,201,3
77,201,2
78,51,3
78,57,3
78,61,3
78,61,3
78,71,4
78,81,4
78,91,4
78,146,3
78,152,3
78,156,3
78,156,3
78,166,3
78,176,4
78,186,4
79,10,4
79,16,4
79,20,4
79,20,4
79,30,4
79,40,5
79,50,5
79,107,3
80,71,2
80,77,3
80,81,3
80,81,2
80,91,3
80,101,3
80,111,3
80,163,3
80,169,3
80,173,4
80,173,4
80,183,4
80,193,4
81,56,4
81,62,4
81,66,4
81,66,4
81,76,4
81,86,4
81,96,4
81,153,3
81,159,3
81,163,3
81,163,3
81,173,4
81,183,4
81,193,4
82,14,3
82,24,3
82,24,3
82,34,3
82,44,3
82,54,3
82,119,4
82,125,4
82,129,4
82,129,4
82,139,4
82,149,4
82,159,5
83,88,2
83,94,3
83,98,3
83,98,3
83,108,3
83,118,3
83,128,3
83,191,3
83,197,3
83,201,3
83,201,3
84,40,4
84,46,4
84,50,4
84,50,4
84,60,4
84,70,4
84,80,4
84,138,3
84,144,3
84,148,3
84,148,3
84,158,4
84,168,4
84,178,4
85,100,2
85,106,2
85,110,2
85,110,3
85,114,3
85,124,3
85,134,3
85,202,3
86,59,3
86,65,4
86,69,4
86,69,4
86,79,4
86,89,4
86,99,4
86,157,4
86,163,4
86,167,4
86,167,4
86,177,4
86,187,4
86,197,4
87,32,3
87,38,3
87,42,3
87,42,3
87,52,3
87,62,3
87,72,4
87,130,2
87,136,3
87,140,3
87,140,3
87,150,3
87,160,3
87,170,3
88,85,4
88,92,4
88,98,4
88,102,4
88,102,4
88,112,4
88,122,5
88,132,5
88,196,3
88,196,3
88,200,3
88,200,3
89,46,3
89,52,3
89,56,3
89,56,3
89,66,3
89,76,3
89,86,3
89,145,3
89,151,3
89,155,4
89,155,4
89,165,4
89,175,4
89,185,4
90,13,4
90,19,4
90,23,4
90,23,4
90,33,4
90,43,4
90,53,4
90,112,3
90,118,3
90,122,3
90,122,3
90,132,3
90,142,4
90,152,4
91,74,2
91,80,2
91,84,2
91,84,2
91,94,2
91,104,3
91,114,3
91,170,3
91,176,3
91,180,3
91,180,3
91,190,4
91,200,4
91,202,4
92,60,3
92,66,4
92,70,4
92,70,4
92,80,4
92,90,4
92,100,4
92,156,4
92,162,4
92,166,4
92,166,4
92,176,4
92,186,4
92,196,4
93,29,3
93,35,3
93,39,3
93,39,3
93,39,3
93,59,4
93,69,4
93,123,3
93,129,3
93,133,3
93,133,3
93,143,3
93,153,3
93,163,3
94,89,4
94,95,4
94,99,4
94,99,4
94,109,4
94,119,4
94,129,5
94,194,3
95,53,2
95,59,3
95,63,3
95,63,3
95,73,3
95,83,3
95,93,3
95,148,3
95,154,3
95,158,3
95,158,3
95,168,3
95,178,4
95,188,4
96,8,3
96,14,4
96,18,4
96,18,4
96,28,4
96,38,4
96,48,4
96,103,4
96,109,4
96,113,4
96,113,4
96,123,4
96,133,4
96,143,4
97,67,3
97,73,3
97,77,3
97,77,3
97,87,3
97,97,3
97,107,3
97,167,2
97,173,2
97,177,2
97,177,2
97,187,2
97,197,3
97,202,3
98,45,3
98,51,3
98,55,4
98,55,4
98,65,4
98,75,4
98,142,3
98,148,3
98,152,3
98,152,3
98,162,4
98,172,4
98,182,4
99,26,4
99,32,4
99,36,4
99,36,4
99,46,4
99,56,5
99,66,5
99,121,3
99,127,3
99,131,3
99,131,3
99,141,3
99,151,3
99,161,3
100,83,3
100,89,3
100,93,3
100,93,3
100,103,3
100,113,3
100,123,4
100,186,3
100,192,3
100,196,3
100,196,3
101,36,4
101,42,4
101,46,4
101,46,4
101,56,4
101,66,4
101,76,4
101,132,4
101,138,4
101,142,4
101,142,4
101,152,5
101,162,5
101,172,5
102,94,2
102,100,3
102,104,2
102,104,3
102,124,3
102,124,3
102,134,3
102,194,3
102,198,3
102,202,3
102,202,3
