id,name,email
1,김지한,jihan.kim@gmail.com
2,이서윤,seoyun.lee@gmail.com
3,박민준,minjun.park@gmail.com
4,최하은,haeun.choi@gmail.com
5,정도현,dohyun.jung@gmail.com
6,강유진,yujin.kang@gmail.com
7,조준우,junwoo.cho@gmail.com
8,윤수아,sua.yoon@gmail.com
9,장건우,geonwoo.jang@gmail.com
10,임지우,jiwoo.lim@gmail.com
11,한재민,jaemin.han@gmail.com
12,오채원,chaewon.oh@gmail.com
13,서진우,jinwoo.seo@gmail.com
14,신서현,seohyun.shin@gmail.com
15,권동현,donghyun.kwon@gmail.com
16,황민서,minseo.hwang@gmail.com
17,안준서,junseo.an@gmail.com
18,송지효,jihyo.song@gmail.com
19,류재혁,jaehyuk.ryu@gmail.com
20,전예은,yeeun.jeon@gmail.com
21,홍성민,seongmin.hong@gmail.com
22,고다은,daeun.ko@gmail.com
23,문진서,jinser.moon@gmail.com
24,양하윤,hayun.yang@gmail.com
25,손우진,woojin.son@gmail.com
26,배수민,sumin.bae@gmail.com
27,백종현,jonghyun.baek@gmail.com
28,허윤서,yunseo.heo@gmail.com
29,유하준,hajun.yoo@gmail.com
30,남지현,jihyeon.nam@gmail.com
31,심승민,seungmin.sim@gmail.com
32,노은지,eunji.no@gmail.com
33,하은우,eunu.ha@gmail.com
34,곽지아,jia.kwak@gmail.com
35,성현우,hyunwoo.sung@gmail.com
36,차수연,suyeon.cha@gmail.com
37,주민재,minjae.joo@gmail.com
38,우시은,sieun.woo@gmail.com
39,구본혁,bonhyuk.koo@gmail.com
40,신나래,narae.shin@gmail.com
41,임태양,taeyang.lim@gmail.com
42,전소민,somin.jeon@gmail.com
43,황도윤,doyun.hwang@gmail.com
44,민유나,yuna.min@gmail.com
45,유정우,jungwoo.yoo@gmail.com
46,박서진,seojin.park@gmail.com
47,김동우,dongwoo.kim@gmail.com
48,이예린,yerin.lee@gmail.com
49,최민재,minjae.choi@gmail.com
50,정아인,ain.jung@gmail.com
51,강수현,suhyun.kang@gmail.com
52,조시우,siwoo.cho@gmail.com
53,윤지민,jimin.yoon@gmail.com
54,장태현,taehyun.jang@gmail.com
55,한다인,dain.han@gmail.com
56,오준영,junyoung.oh@gmail.com
57,서은서,eunseo.seo@gmail.com
58,권우진,woojin.kwon@gmail.com
59,황지안,jian.hwang@gmail.com
60,안태한,taehan.an@gmail.com
61,송다윤,dayun.song@gmail.com
62,전민호,minho.jeon@gmail.com
63,홍이지,eeji.hong@gmail.com
64,고진호,jinho.ko@gmail.com
65,문소윤,soyun.moon@gmail.com
66,양시환,sihwan.yang@gmail.com
67,손하율,hayul.son@gmail.com
68,배진영,jinyoung.bae@gmail.com
69,백승우,seungwoo.baek@gmail.com
70,허민지,minji.heo@gmail.com
71,유재윤,jaeyun.yoo@gmail.com
72,남궁정,jung.namgung@gmail.com
73,심재성,jaeseong.sim@gmail.com
74,노윤아,yuna.no@gmail.com
75,하성준,seongjun.ha@gmail.com
76,곽효진,hyojin.kwak@gmail.com
77,성기범,gibeom.sung@gmail.com
78,차유리,yuri.cha@gmail.com
79,주영훈,younghoon.joo@gmail.com
80,우연우,yeonwoo.woo@gmail.com
81,구경모,gyeongmo.koo@gmail.com
82,진수진,sujin.jin@gmail.com
83,임상원,sangwon.lim@gmail.com
84,소예진,yejin.so@gmail.com
85,원현준,hyunjun.won@gmail.com
86,방서우,seowu.bang@gmail.com
87,정지환,jihwan.jung@gmail.com
88,최유민,yumin.choi@gmail.com
89,강준혁,junhyuk.kang@gmail.com
90,조예원,yewon.cho@gmail.com
91,윤민형,minhyeong.yoon@gmail.com
92,장수아,sua.jang@gmail.com
93,한승현,seunghyan.han@gmail.com
94,오지현,jihyeon.oh@gmail.com
95,서경준,gyeongjun.seo@gmail.com
96,신하린,harin.shin@gmail.com
97,권태우,taewoo.kwon@gmail.com
98,황지우,jiwoo.hwang@gmail.com
99,안상민,sangmin.an@gmail.com
100,송은채,eunchae.song@gmail.com
101,왕호호,wang@gmail.com
